x_coord,y_coord,player_level,num_players_nearby,time_of_day,region_type,combat_event
37.454011884736246,18.513292883861965,28,10,afternoon,mountain,0
95.07143064099162,54.190094737835814,7,2,morning,mountain,0
73.1993941811405,87.29458358764083,35,7,night,desert,0
59.86584841970366,73.22248864095612,55,2,night,mountain,1
15.601864044243651,80.65611478614497,28,13,morning,forest,0
15.599452033620265,65.87833667107174,14,12,afternoon,desert,0
5.8083612168199465,69.22765645178525,56,12,afternoon,city,0
86.61761457749351,84.91956515653193,10,1,morning,city,1
60.11150117432088,24.966800885918595,16,12,evening,mountain,1
70.80725777960456,48.942496364314046,16,18,night,desert,1
2.0584494295802447,22.120944181960223,54,5,evening,desert,0
96.99098521619943,98.7668007996647,31,15,afternoon,city,0
83.24426408004217,94.40593396866133,42,1,afternoon,desert,0
21.233911067827616,3.94268113685059,25,7,evening,desert,0
18.182496720710063,70.55751725156884,13,16,morning,desert,0
18.34045098534338,92.52483174156659,6,1,evening,mountain,0
30.42422429595377,18.057534512733355,44,9,evening,desert,0
52.475643163223786,56.79452305526295,9,15,night,forest,1
43.194501864211574,91.54882975880419,45,5,night,mountain,0
29.122914019804192,3.394597858579884,36,1,evening,desert,0
61.18528947223795,69.742026724684,56,1,evening,desert,0
13.949386065204184,29.734900737255078,43,12,afternoon,forest,1
29.214464853521815,92.43961953765304,20,14,night,mountain,1
36.63618432936917,97.10582451653677,18,1,night,city,1
45.606998421703594,94.42664891134339,58,6,afternoon,city,1
78.51759613930136,47.42142166574638,43,2,morning,mountain,0
19.967378215835975,86.20426509893134,57,7,night,desert,0
51.42344384136116,84.45493985350704,21,13,night,desert,0
59.24145688620425,31.910047324325564,4,6,morning,city,0
4.645041271999773,82.89154741506773,50,6,night,city,0
60.75448519014384,3.700763471549262,33,0,night,city,0
17.052412368729154,59.6269878482053,27,16,morning,forest,1
6.505159298527952,23.000883728770305,7,8,morning,city,1
94.88855372533332,12.056688577727881,6,12,evening,forest,1
96.56320330745594,7.695320162920916,15,18,afternoon,mountain,1
80.83973481164611,69.62887758781397,18,18,afternoon,desert,0
30.46137691733707,33.98749637680661,32,16,morning,city,0
9.767211400638388,72.47667715287615,56,9,morning,desert,0
68.42330265121569,6.535634079894237,11,9,night,desert,0
44.01524937396013,31.529033783061035,20,3,evening,city,1
12.203823484477883,53.949129237533725,24,7,evening,city,0
49.51769101112702,79.07231648389636,15,19,morning,mountain,1
3.4388521115218396,31.875250293206992,48,19,night,forest,0
90.9320402078782,62.58913764370091,7,17,night,forest,0
25.87799816000169,88.5977748236187,21,13,afternoon,desert,0
66.2522284353982,61.58631881823046,42,17,afternoon,city,0
31.171107608941096,23.295947475363377,26,13,night,mountain,0
52.00680211778108,2.440078155653802,44,19,afternoon,mountain,0
54.67102793432797,87.00988739009298,56,14,morning,mountain,1
18.485445552552704,2.126941085038714,14,3,night,mountain,0
96.95846277645586,87.47016726841994,57,12,afternoon,mountain,0
77.51328233611146,52.8937134027212,37,7,evening,forest,0
93.9498941564189,93.90676985128962,58,17,night,forest,0
89.48273504276489,79.87832357736654,21,11,night,forest,1
59.78999788110851,99.79341105333374,18,13,evening,city,0
92.18742350231169,35.071181545171015,5,1,morning,desert,1
8.84925020519195,76.71882889311269,3,17,evening,mountain,0
19.59828624191452,40.193091360924214,23,1,night,city,1
4.522728891053807,47.98756203039088,26,10,morning,mountain,0
32.53303307632643,62.75054632183701,37,8,afternoon,forest,0
38.8677289689482,87.36771141863387,24,11,afternoon,city,0
27.134903177389592,98.40834691992951,49,16,afternoon,forest,0
82.87375091519293,76.82734138645182,19,14,night,mountain,0
35.67533266935893,41.77667821673337,51,16,evening,mountain,0
28.093450968738075,42.13570022770702,25,17,morning,desert,0
54.26960831582485,73.75823015888915,21,5,afternoon,mountain,0
14.092422497476264,23.877714576830233,12,16,morning,forest,0
80.21969807540397,11.047411313139467,57,17,night,mountain,1
7.455064367977082,35.462215764077655,41,7,afternoon,desert,0
98.68869366005173,28.723899165408174,33,8,night,desert,0
77.22447692966574,29.630812045599008,50,5,evening,forest,0
19.87156815341724,23.360775104990992,53,4,night,city,1
0.5522117123602399,4.209318963636188,4,11,night,mountain,0
81.54614284548342,1.787393473341381,42,10,evening,desert,0
70.68573438476172,98.77223897360315,57,0,morning,mountain,1
72.90071680409874,42.77731337358623,7,10,evening,mountain,1
77.12703466859458,38.432664715968166,22,18,evening,city,0
7.4044651734090365,67.96472826930699,55,8,night,desert,0
35.84657285442726,21.825388786506416,33,1,morning,mountain,1
11.586905952512971,94.99611839502253,17,11,afternoon,desert,0
86.31034258755935,78.6345014415552,24,3,evening,forest,0
62.329812682755794,8.94110023122595,34,3,morning,forest,0
33.08980248526492,41.75807757849284,28,17,evening,mountain,1
6.355835028602364,87.91183075621647,58,14,evening,desert,0
31.09823217156622,94.47320222914102,43,18,evening,mountain,1
32.518332202674706,46.74015112498697,41,12,evening,desert,0
72.96061783380641,61.34113892107077,39,18,night,desert,0
63.75574713552131,16.70339460920752,22,16,morning,city,0
88.72127425763266,99.11686261369765,49,5,morning,city,0
47.22149251619493,23.16717013834434,17,15,morning,city,1
11.959424593830171,94.27317741351257,34,11,evening,mountain,1
71.3244787222995,64.96466489923685,6,18,night,city,0
76.07850486168974,60.773679487885914,46,4,evening,city,0
56.127719756949624,51.26885110165086,6,16,evening,forest,0
77.0967179954561,23.06698117177587,34,0,morning,desert,0
49.379559636439076,17.652803200550828,1,9,evening,desert,0
52.27328293819941,22.048620907017536,10,14,afternoon,city,0
42.75410183585496,18.643826214425452,21,10,evening,desert,0
2.541912674409519,77.95844735667534,5,12,afternoon,forest,1
10.789142699330444,35.01252591667301,2,4,evening,forest,1
3.142918568673425,5.784267656339637,22,0,night,city,0
63.64104112637804,96.91026301408114,48,11,night,forest,1
31.435598107632668,88.37858849634257,57,10,morning,desert,0
50.85706911647028,92.77522831952129,2,16,evening,mountain,0
90.7566473926093,99.49078226464353,10,3,afternoon,desert,0
24.929222914887493,17.38952492194873,34,14,afternoon,mountain,0
41.038292303562976,39.62420189026587,16,8,evening,city,0
75.55511385430486,75.82384757040913,48,19,afternoon,mountain,0
22.879816549162246,69.60206180537922,51,18,night,forest,1
7.697990982879299,15.389590633985506,39,18,afternoon,desert,1
28.9751452913768,81.58331249906178,22,11,morning,mountain,0
16.122128725400444,22.444057183666068,12,4,night,desert,1
92.96976523425731,22.38176148226231,24,9,night,city,0
80.8120379564417,53.69744228934136,47,16,night,city,0
63.34037565104234,59.293993484170315,40,4,evening,forest,0
87.14605901877177,58.00862078378112,38,15,evening,city,0
80.36720768991145,9.148683739775487,59,6,night,mountain,0
18.657005888603585,87.74608626303804,10,8,evening,city,0
89.25589984899777,26.560004258870606,35,2,afternoon,forest,0
53.93422419156507,12.951492128280417,51,14,evening,desert,1
80.74401551640625,88.87480798689772,49,15,evening,desert,0
89.60912999234932,95.56514982297534,32,17,night,city,0
31.800347497186387,86.21276172654507,7,13,morning,mountain,0
11.005192452767677,80.95160747248781,21,2,morning,forest,0
22.793516254194166,65.52419806390218,20,11,morning,mountain,0
42.71077886262563,55.08573706091393,26,8,afternoon,forest,1
81.80147659224932,8.698675991141014,4,6,evening,city,0
86.07305832563435,40.845321307069874,46,8,morning,forest,0
0.6952130531190703,37.2688517012314,52,12,night,forest,0
51.07473025775657,25.97537837603262,22,17,morning,city,0
41.7411003148779,72.3420113688585,15,4,morning,mountain,0
22.210781047073024,49.58757350787708,56,12,evening,city,0
11.98653673336828,8.104621590764793,40,3,evening,forest,1
33.7615171403628,22.018320194981133,21,1,evening,city,0
94.29097039125192,68.32587636595959,15,15,afternoon,forest,0
32.320293202075526,7.613085949030019,22,8,afternoon,city,0
51.87906217433661,85.12069140487687,52,8,morning,desert,0
70.30189588951778,49.51465270139743,28,5,evening,desert,0
36.3629602379294,48.0586577326648,14,10,morning,city,1
97.17820827209607,59.24077846595176,27,0,night,mountain,0
96.24472949421113,82.46809659251491,41,3,night,forest,0
25.178229582536417,34.780920790219305,40,12,evening,desert,0
49.72485058923854,67.80161525590636,58,12,evening,mountain,0
30.087830981676966,56.5731963995791,28,12,night,forest,0
28.484049437746762,26.70282701694213,26,1,evening,desert,0
3.6886947354532795,87.8629986355158,49,8,afternoon,desert,0
60.956433397989684,79.74260216069281,2,7,afternoon,city,0
50.26790232288615,65.84518346584255,25,6,evening,forest,1
5.147875124998935,85.05817290942419,56,3,night,mountain,0
27.864646423661142,86.72942009598023,3,17,morning,mountain,0
90.82658859666537,70.83629767150347,8,2,evening,mountain,0
23.95618906669724,83.7013328363672,44,5,evening,forest,0
14.48948720912231,69.74714616692836,33,11,morning,mountain,0
48.9452760277563,68.01407717603004,42,11,evening,mountain,0
98.56504541106007,61.86113782151843,52,7,morning,mountain,0
24.20552715115004,75.27166395576413,35,0,night,city,0
67.21355474058785,15.86051052930737,6,3,afternoon,city,0
76.16196153287176,88.08707591989284,39,10,night,forest,0
23.763754399239968,87.1843527745232,52,2,afternoon,forest,1
72.82163486118596,2.9247283034559146,23,12,morning,mountain,0
36.77831327192532,82.58167505647627,25,16,afternoon,city,0
63.23058305935795,12.886986747344519,59,9,night,desert,0
63.35297107608947,33.51188542591419,50,11,afternoon,desert,0
53.57746840747585,74.35082562916078,43,14,morning,mountain,0
9.02897700544083,16.07598960483082,19,9,afternoon,mountain,0
83.5302495589238,81.79670241190622,5,13,evening,city,1
32.07800649717358,83.21341779577419,51,12,night,city,0
18.651851039985424,50.746773376083624,11,4,evening,city,0
4.077514155476392,0.638587171683358,56,5,morning,forest,0
59.08929431882418,28.703813317491278,12,1,afternoon,forest,0
67.75643618422824,61.69269183757422,10,16,evening,mountain,0
1.6587828927856152,98.11861780274235,8,3,evening,forest,1
51.2093058299281,63.18135270166684,24,13,afternoon,city,0
22.649577519793795,25.98035810641598,28,9,afternoon,city,1
64.51727904094498,63.40057030996113,41,2,night,forest,1
17.436642900499145,53.99853797158555,36,2,evening,desert,1
69.09377381024659,77.98453951511436,37,14,evening,mountain,0
38.67353463005374,10.698063882695841,21,5,morning,desert,0
93.67299887367345,76.1027902502028,8,16,night,mountain,0
13.752094414599325,54.12665786761103,55,11,morning,desert,0
34.10663510502585,96.29920038589947,9,19,evening,forest,0
11.347352124058908,34.187216603868606,47,10,morning,mountain,1
92.46936182785628,63.26218931339481,15,3,evening,mountain,0
87.7339353380981,93.20281055100175,48,5,evening,mountain,0
25.79416277151556,10.250972799067926,46,0,morning,city,0
65.99840460341791,93.72284872364511,40,19,morning,city,0
81.72222002012158,68.78857223008133,18,15,afternoon,desert,0
55.52008115994623,6.78370591051719,42,14,afternoon,forest,1
52.965057835600646,30.096356694681624,20,16,afternoon,city,0
24.18522909004517,70.81720886452815,6,7,evening,mountain,1
9.310276780589922,6.73506014687717,12,11,morning,city,1
89.72157579533267,58.217046017627325,2,9,night,forest,1
90.04180571633304,34.588305695295674,7,14,evening,city,0
63.31014572732679,62.091551776747714,16,8,night,mountain,1
33.90297910487007,4.5742033812512854,3,1,morning,desert,0
34.92095746126609,87.15368061523763,45,4,evening,mountain,0
72.59556788702393,97.3488969177397,3,5,night,forest,0
89.71102599525771,96.88778552856915,27,6,night,desert,0
88.70864242651173,74.96518317429248,50,0,afternoon,city,0
77.98755458576238,13.008624013063198,43,6,afternoon,city,0
64.20316461542878,75.82631959290225,40,19,afternoon,city,0
8.413996499504883,2.458691645880151,38,11,evening,desert,1
16.162871409461378,2.2123551528997254,33,15,morning,mountain,0
89.85541885270793,32.36102191495412,28,15,morning,desert,0
60.642905965958995,48.864319040466576,1,10,afternoon,desert,0
0.9197051616629648,77.04074178077931,55,3,afternoon,forest,0
10.147154286603211,68.32953766065052,8,12,afternoon,desert,1
66.35017691080559,44.590270637674834,37,6,night,city,0
0.5061583846218687,27.362666628166586,32,3,afternoon,mountain,0
16.080805141749867,99.71245001577111,48,14,night,mountain,0
54.87337893665861,42.6181302235973,43,18,morning,mountain,1
69.18951976926932,45.13870243296755,37,8,evening,city,0
65.19612595026005,16.362382119166917,4,10,evening,city,1
22.42693094605598,79.48095487499293,30,7,evening,city,0
71.2179221347536,69.36822257814886,6,0,evening,city,0
23.724908749680008,22.07696127887604,46,7,night,city,0
32.539969815926774,8.238104561584269,54,12,night,desert,1
74.64914051180241,68.0499302074713,19,3,afternoon,city,0
64.96328990472146,65.45112142811352,32,7,night,city,0
84.9223410494178,27.32595269982093,9,2,afternoon,city,0
65.76128923003434,95.08635622504103,12,8,afternoon,city,0
56.830860333547164,15.105789178090024,11,1,evening,mountain,0
9.367476782809248,43.23348010426019,46,1,night,city,1
36.77158030594335,94.36159201675989,55,12,night,desert,0
26.520236768172545,41.97273169261223,16,14,afternoon,desert,0
24.398964337908357,63.85259476640856,1,11,afternoon,desert,1
97.30105547524455,39.75943979627943,45,3,morning,forest,0
39.30977246667604,27.421520234867003,55,7,morning,mountain,0
89.20465551771133,98.39776479598282,53,8,afternoon,city,0
63.11386259972629,40.9334006315043,21,4,morning,forest,0
79.48113035416485,89.40992036791344,30,19,morning,city,0
50.26370931051921,22.995460589108617,13,17,afternoon,forest,0
57.69038846263591,21.31047040250833,34,10,afternoon,forest,0
49.25176938188639,3.113408288451136,4,14,night,desert,0
19.52429877980445,65.1666825375885,28,8,afternoon,desert,1
72.24521152615053,36.852634372376116,38,16,afternoon,forest,1
28.07723624408558,86.4358249839637,58,11,evening,desert,1
2.431596643145384,47.32099066915572,31,6,night,forest,1
64.54722959071678,96.81934279147217,59,9,night,mountain,0
17.711067940704893,18.552551570312115,55,9,night,desert,1
94.04585843529144,86.86231679556109,27,12,evening,desert,0
95.39285770025873,77.65968527917417,5,18,afternoon,desert,0
91.48643902204485,77.0921844644052,25,10,night,mountain,0
37.01587002554444,84.47832281168877,3,12,night,forest,0
1.5456616528867428,76.10239909429988,33,7,morning,city,1
92.83185625877253,62.62203216314154,4,7,night,desert,1
42.81841483173143,13.124487768238758,25,3,afternoon,forest,0
96.66548190436696,3.2526179491251916,20,14,afternoon,mountain,1
96.36199770892529,92.08478478156869,34,10,morning,city,0
85.300945546736,61.665031452073805,26,10,night,desert,0
29.444889206958567,79.65372909761763,5,0,night,mountain,0
38.50977286019253,48.152235151255006,35,16,night,mountain,0
85.11366715168569,11.730818896239448,28,14,evening,city,1
31.692200515627768,12.518579220255043,29,19,night,forest,1
16.94927466860925,68.55652872289714,9,5,afternoon,desert,1
55.68012624583501,43.030589489946266,52,14,afternoon,desert,0
93.6154774160781,20.052472670033673,38,8,evening,forest,1
69.6029796674973,49.15945467414369,50,13,evening,forest,0
57.0061170089365,6.420893707513409,6,17,night,forest,1
9.717649377076853,58.19714019143988,19,16,morning,city,0
61.500722669916975,26.899340443509768,44,17,evening,city,0
99.00538501042632,79.75591006371882,57,4,evening,desert,0
14.008401523652402,31.036195892357377,11,19,night,city,0
51.832965236373674,45.52201490818012,2,19,night,mountain,0
87.73730719279554,1.1620539908100636,47,8,evening,desert,0
74.07686177542044,7.244688779455888,44,10,morning,city,0
69.7015740995268,39.24935564066848,44,0,evening,forest,0
70.24840839871092,47.99388347171235,9,17,night,mountain,0
35.94911512197552,60.00205481193037,21,5,night,forest,0
29.359184426449335,29.166257870930323,24,1,evening,desert,0
80.93611554785136,69.49818861265426,34,14,morning,forest,0
81.01133946791808,86.01223971892045,22,13,evening,city,0
86.70723185801037,77.98509888933498,3,4,evening,city,1
91.32405525564712,3.9618825348357145,12,5,night,desert,1
51.13423988609378,48.0506947257829,28,5,morning,forest,0
50.15162946871996,10.493017841817487,30,17,afternoon,desert,1
79.82951789667752,24.204501586252746,26,13,morning,forest,1
64.99639307777652,98.66625932671465,48,9,evening,mountain,1
70.19668772577033,14.249554290151323,21,13,evening,city,0
79.57926694361011,49.888815345135605,28,12,evening,desert,0
89.00053418175663,61.81557343181191,56,2,morning,mountain,0
33.79951568515358,70.2464970544104,26,5,night,mountain,0
37.5582952639944,55.96486834869141,33,7,evening,desert,0
9.3981939840869,0.9770847419183659,21,11,evening,desert,0
57.8280140996174,32.64613082439919,35,12,morning,mountain,1
3.5942273796742086,51.771164338471145,52,10,afternoon,forest,1
46.55980181324602,8.786649914483336,34,11,afternoon,mountain,0
54.26446347075766,35.06269312091808,41,0,night,desert,0
28.65412521282844,3.3203108791366565,51,16,night,mountain,0
59.08332605690107,7.857849715502074,47,15,evening,forest,1
3.050024993904943,39.69232762015961,18,10,morning,city,0
3.7348188749214417,13.271575404306034,58,12,evening,city,0
82.26005606596583,56.75408482615582,11,17,night,mountain,0
36.019064141126286,68.94649691372658,57,10,morning,forest,0
12.706051265188478,80.05866991090829,23,11,morning,city,0
52.224326005480435,20.01502442448101,48,5,night,mountain,0
76.99935530986109,16.748258225906977,22,8,afternoon,mountain,1
21.582102749684317,10.456784033440025,17,15,afternoon,forest,1
62.28904758190003,63.64302495436367,5,3,morning,desert,1
8.5347464993768,70.64757264869012,44,2,evening,mountain,1
5.16817211686077,3.1586144825642037,11,15,afternoon,desert,0
53.1354631568148,93.62122462436898,30,11,evening,desert,0
54.06351216101065,5.1971283651472415,15,10,afternoon,city,1
63.742990149820656,54.12963353010704,27,4,afternoon,desert,1
72.60913337226616,70.90605194509165,35,17,evening,forest,0
97.58520794625346,87.09691237460856,33,18,night,city,0
51.630034830119534,71.40869321324278,20,5,afternoon,city,0
32.2956472941246,80.17280830697918,16,17,afternoon,city,0
79.51861947687037,33.94501925428061,34,5,evening,mountain,0
27.083225126207424,81.48251137465122,2,3,night,mountain,0
43.89714207056361,8.011484638467515,35,11,afternoon,desert,0
7.845638134226595,89.48166560605276,40,18,afternoon,city,0
2.535074341545751,54.75923761537362,56,1,night,city,1
96.26484146779251,81.72977699624937,28,16,afternoon,forest,0
83.59801205122058,45.23182845183001,47,10,night,desert,0
69.59742060936979,64.35776951965249,39,10,night,forest,0
40.89529444142699,52.640266093611324,6,15,evening,desert,1
17.329432007084577,73.15895217553319,9,1,morning,desert,0
15.643704267108605,8.162998203058958,20,1,night,mountain,1
25.024289816459532,6.03520839905638,1,7,evening,mountain,0
54.92266647061205,24.710323401014644,8,12,morning,forest,1
71.45959227000624,15.954468011318834,55,9,afternoon,desert,1
66.01973767177313,87.17835665922017,23,7,morning,city,0
27.993389694594285,21.92139873580443,3,3,night,mountain,0
95.48652806631941,97.58652558191314,4,14,night,city,0
73.78969166957685,33.68957917711069,58,0,night,forest,0
55.43540525114007,18.211791568869927,25,10,night,mountain,0
61.17207462343522,78.96985071424791,47,6,night,mountain,0
41.96000624277899,65.87077755008761,38,16,evening,desert,0
24.773098950115745,49.8195716453139,15,19,night,forest,0
35.597267865126156,55.53635509376312,21,17,evening,desert,0
75.78461104643691,71.92017782722638,35,11,afternoon,mountain,0
1.4393488629755868,22.845474133129873,57,8,night,forest,0
11.607264050691624,99.63339160567419,53,4,night,mountain,0
4.600264202175275,97.4793162146783,53,9,morning,forest,0
4.072880231897013,65.03256863469369,46,3,afternoon,mountain,0
85.54605840110072,19.954245092914512,52,4,night,city,1
70.36578593800236,68.02282424312914,14,9,night,city,0
47.41738290873252,7.219840897917584,36,10,afternoon,desert,0
9.783416065100148,3.0652502205806065,12,9,evening,city,0
49.16158751168324,25.76828885112137,17,7,night,mountain,1
47.34717707805657,46.26229567393163,39,1,morning,mountain,1
17.320186991001517,86.82725054083805,9,7,night,city,1
43.385164923797305,72.7169069766308,35,15,morning,desert,0
39.85047343973734,74.2706521199981,13,4,morning,city,0
61.585009805221645,42.54933344480754,15,2,night,forest,0
63.50936508676438,34.59349925469629,18,11,night,forest,0
4.530400977204452,37.10387629846027,51,12,morning,forest,1
37.46126146264712,98.76495637360578,33,12,afternoon,city,0
62.58599157142364,4.010919141248248,6,9,afternoon,city,1
50.31362585800877,86.70314961224486,59,3,night,city,0
85.64898411883223,57.86754085723934,27,8,evening,forest,1
65.8693631618945,43.86154191895905,23,1,afternoon,desert,0
16.29344270814297,72.52576604151365,59,18,night,mountain,0
7.056874740042984,48.666894142470284,27,0,afternoon,city,0
64.24192782063156,87.34232380816606,34,6,evening,desert,0
2.6511310541621813,90.07018640112585,56,16,night,mountain,0
58.57755812734633,42.17209268734554,46,2,evening,mountain,1
94.02302414249576,27.682779723505156,38,19,night,mountain,0
57.5474177875879,59.23503285933622,14,19,evening,desert,0
38.816992620652194,91.2363345616691,36,2,afternoon,desert,0
64.32882184423532,21.066218900566657,53,2,afternoon,forest,0
45.825289049151664,62.296658356348274,8,16,evening,desert,1
54.56167893159349,63.156022009252055,35,6,evening,desert,1
94.14648087765252,73.3113022415281,19,13,evening,desert,1
38.610263780077425,13.15676851272598,30,16,night,mountain,1
96.11905638239142,71.58249646820886,14,17,afternoon,city,1
90.53506419560637,90.9032520665641,59,12,night,forest,0
19.579113478929642,17.968310887024195,20,19,afternoon,city,1
6.9361300875165455,23.754332492387764,49,19,morning,city,0
10.077800137742665,97.13950940416396,25,17,night,desert,0
1.8221825651549728,18.097695270948975,40,3,afternoon,forest,0
9.44429607559284,85.4385093369579,24,0,afternoon,city,1
68.30067734163569,49.227785644803475,14,17,night,city,1
7.118864846022898,24.723107440317705,26,0,night,forest,0
31.89756302937613,87.07499012725114,38,12,afternoon,desert,1
84.48753109694546,44.53052550026655,23,19,night,city,1
2.3271935735825866,51.48173539296902,22,19,evening,mountain,0
81.44684825889358,35.92333693997657,48,9,night,city,0
28.185477477339994,59.29508514349274,57,10,night,mountain,1
11.816482762165625,16.352387258502276,19,8,night,desert,0
69.67371653641507,39.10815366517607,46,8,afternoon,city,0
62.8942846779884,96.94123223352875,51,4,evening,forest,0
87.74720135270529,25.813343270112753,3,0,morning,forest,0
73.50710438038858,65.67366645412922,42,16,morning,city,1
80.34809303848486,32.51900642246949,19,1,evening,desert,0
28.203457257130648,77.34731256866006,9,12,evening,desert,1
17.743954377972283,13.087366071834982,28,8,evening,forest,1
75.06147516408583,96.98210450785447,20,3,afternoon,city,1
80.6834739267264,45.37895413836392,45,4,morning,desert,0
99.05051420006733,23.605046334646396,7,10,evening,forest,0
41.26176769114265,7.349674733001265,14,18,afternoon,mountain,0
37.201808579278314,16.975790508754073,9,2,morning,city,0
77.64129607419969,51.977394855601766,59,11,night,mountain,1
34.08035402530179,33.70031764312863,55,18,afternoon,mountain,0
93.07573256035647,82.88833658826094,57,18,morning,desert,0
85.84127518430118,43.08875236618059,19,12,afternoon,desert,0
42.89940273750184,24.871427258762992,47,6,morning,desert,1
75.08710677914974,61.714498660403,52,14,morning,city,1
75.45428740846823,70.67772168854458,14,6,night,mountain,0
10.31238688359326,16.704190790094987,56,7,afternoon,city,1
90.25529066795667,16.761921628831765,38,4,evening,desert,0
50.525237244785714,3.667142693354297,53,13,night,mountain,0
82.64574661077417,73.64020150656405,36,3,night,city,1
32.00496010306117,66.38045276218051,40,9,morning,city,0
89.55232284962005,47.46308757498139,17,19,evening,forest,1
38.92016787341631,84.41704489691972,30,14,afternoon,city,0
1.083765148029836,80.56701529500532,9,17,evening,desert,0
90.53819764192636,58.535436439675216,33,19,evening,city,1
9.128667678613356,86.82712805132586,56,12,evening,mountain,0
31.93136375904149,20.584121003676824,52,7,evening,city,1
95.0061967050805,11.191961939772789,25,8,evening,forest,1
95.06071469375561,26.974961151698963,14,15,morning,mountain,0
57.34378881232861,5.708685608931486,11,18,morning,mountain,0
63.183721216979926,53.1169528001032,53,15,night,forest,0
44.84455219783198,93.66056922949615,35,6,morning,desert,0
29.321077169806454,3.9343540668509647,41,13,night,mountain,0
32.8664545369916,12.21099140100268,59,13,night,desert,0
67.25184560770384,45.21990282834353,14,3,afternoon,mountain,0
75.237452943768,93.38750175279048,30,14,evening,mountain,0
79.15790437258485,31.61561049767505,41,2,morning,desert,1
78.96181427945538,50.723480868839246,4,4,afternoon,mountain,1
9.120610304869036,4.15728590503921,59,0,morning,desert,1
49.442030470258146,14.834320096208886,4,2,night,forest,0
5.755876001664428,98.66301229588468,28,14,morning,desert,1
54.95288823237355,96.51186964360456,8,7,evening,forest,0
44.1530501373377,0.49399809344096157,2,3,night,mountain,1
88.77041827582998,95.18117854232389,41,1,night,desert,1
35.09150125520787,63.91199378155004,46,9,afternoon,mountain,0
11.706701642760587,86.79182945200222,22,3,evening,desert,0
14.299168205283586,45.47398556338591,41,2,night,forest,1
76.15106317174723,51.55960285792502,56,1,evening,forest,1
61.82180633162611,48.88465802569202,55,16,morning,desert,1
10.112267612279025,66.68642575461044,16,19,evening,forest,0
8.410680611499743,13.96512547563129,29,12,night,mountain,0
70.096913145912,2.9973589872677953,49,4,afternoon,mountain,0
7.276300636419353,30.79299415911909,48,8,night,city,1
82.18600592903562,70.46807627366466,30,5,evening,forest,0
70.62422271564962,20.185345212294838,12,4,evening,mountain,1
8.134878064189976,67.34324333249174,35,9,night,desert,0
8.483771408519193,96.99120461072704,11,7,evening,forest,0
98.66395785011754,9.39007157894184,46,6,morning,mountain,0
37.427079575612034,67.26021182251263,50,6,night,forest,1
37.06421470668909,44.375021930457116,21,5,afternoon,desert,0
81.27995672575025,86.81422543775054,21,19,night,mountain,0
94.72485773838586,17.71497894473859,5,2,morning,city,0
98.6001063822871,69.26259522261645,48,18,morning,city,0
75.33781852589416,83.81152896481102,20,14,morning,forest,0
37.62595855309158,94.46142194740233,37,3,morning,desert,1
8.350071669866876,68.32480282896458,3,11,morning,mountain,0
77.71469159274368,49.71747640084273,44,5,afternoon,desert,0
55.840424973580504,61.78472402012139,33,18,evening,mountain,1
42.42220092469763,86.89049844787182,53,3,morning,forest,1
90.6354385094736,57.060974663882966,9,14,morning,mountain,0
11.119748230615134,3.038705969683686,9,8,night,desert,0
49.262510429085914,93.09486955069778,4,4,afternoon,desert,1
1.1353644767419069,68.95267510315611,35,12,afternoon,forest,1
46.86606419941263,67.65133857772466,17,17,evening,desert,1
5.630327568183735,21.567515239771716,34,4,afternoon,mountain,0
11.881791626807193,65.88854702326572,24,15,night,forest,0
11.752624677710488,39.386440565415846,32,18,night,mountain,1
64.92103021160635,65.12329770414921,1,13,evening,desert,0
74.60448792654233,10.659303030799073,8,15,night,forest,0
58.336876509715964,65.7845304603036,45,14,morning,mountain,1
96.21725484745419,99.94137257706666,23,3,morning,desert,0
37.48705795237041,4.821203886055603,47,6,night,desert,0
28.571208628186074,97.71741842213173,40,15,evening,city,0
86.85991281894603,40.690796072287064,12,7,afternoon,desert,0
22.359583851945263,87.07534503372591,54,16,evening,mountain,0
96.32225394406113,78.23854840582734,12,15,afternoon,forest,1
1.2154474689816341,56.70162609866678,46,9,night,city,0
96.98788267076391,73.84492092513266,47,9,night,desert,0
4.315991195057611,87.8515561301348,15,1,morning,desert,1
89.11431136980711,40.4140321651033,41,8,afternoon,desert,0
52.77011090862999,32.70331615632387,19,16,evening,mountain,0
99.29647961193004,66.75933855635847,26,10,night,city,1
7.379656473539886,80.78459419412586,52,9,evening,mountain,1
55.38542844013208,76.22851347766158,29,16,morning,city,0
96.9302535619099,79.78136488586345,22,3,afternoon,forest,1
52.30978441701488,43.5583314812933,40,15,afternoon,mountain,0
62.93986381352625,81.78342161750216,21,19,night,mountain,1
69.57486889846172,12.020905537060845,51,14,afternoon,forest,0
45.454106476777326,54.448909796084955,38,4,night,city,1
62.75580800840635,0.575866049812157,20,5,morning,desert,0
58.43143119231002,32.45858299002703,57,16,afternoon,forest,0
90.11580104909889,36.646153487139784,29,0,night,desert,0
4.5446380341457875,39.61726916092554,51,18,evening,desert,0
28.096318959223034,69.54672066898621,4,3,night,forest,1
95.04114840765587,38.85581012703457,55,16,afternoon,city,0
89.02637838909163,44.86936226225306,7,8,morning,desert,0
45.56567527857129,23.754413087432745,28,1,afternoon,forest,0
62.013259780153675,37.325179162934006,28,7,afternoon,mountain,0
27.738118298113267,22.726962726315147,4,14,night,mountain,1
18.81211597237613,7.319592376844364,22,6,evening,mountain,1
46.36984049399822,60.34485933813779,12,5,afternoon,forest,0
35.33522280260528,66.82127985550163,45,0,evening,mountain,1
58.365611185087204,61.94903460096145,3,14,night,desert,1
7.773463696498483,46.34940438005724,22,6,evening,mountain,0
97.43948076661665,37.978578017922985,44,16,night,mountain,0
98.62107444796028,86.33336495718252,2,1,morning,desert,1
69.81617140197451,51.908178513621806,24,8,evening,mountain,0
53.60963663441204,47.9181877629731,34,8,evening,desert,1
30.952761628632775,2.5642065806435688,27,12,morning,mountain,0
81.37950197069486,34.12478276261564,55,5,evening,desert,0
68.47311725538793,38.019561878585705,41,5,morning,mountain,0
16.26169393448913,39.88227808969005,1,19,afternoon,desert,0
91.09271844938425,58.017236922733225,8,19,night,forest,1
82.2537242923169,53.360254672687844,23,2,morning,desert,0
94.9799913291924,60.79050927934446,38,16,evening,mountain,0
72.571950838836,76.48832615421283,6,16,morning,mountain,1
61.34151959357899,81.29857387160935,22,11,evening,city,0
41.82430362906189,71.81230762264944,25,15,afternoon,desert,0
93.27284833540132,95.55236959549347,18,14,morning,forest,1
86.60638895004084,1.823258267636163,17,12,afternoon,desert,1
4.521867010618941,19.57779856835461,12,0,night,desert,0
2.6366974497252005,0.756287497814212,6,16,evening,forest,0
37.64633668780496,64.7474714154603,26,2,evening,desert,0
81.0553330781833,89.8030548949987,27,14,afternoon,forest,0
98.72761293149445,24.34822965762993,8,3,night,forest,0
15.041689110352818,92.70345447963066,19,3,morning,desert,0
59.41307153521351,6.026739028956085,42,17,morning,desert,0
38.08908566310215,93.44360268055144,1,16,evening,mountain,0
96.99143978146031,35.16226872396344,57,18,afternoon,mountain,0
84.21189231357087,10.142082844921651,29,10,afternoon,city,0
83.83287047111378,48.58717591863256,45,19,morning,city,1
46.86931597949703,25.677656772050796,49,2,night,desert,1
41.48195023376652,28.487290196192284,35,7,night,forest,0
27.340707193070624,30.728996492628657,40,13,morning,city,0
5.6375496650927115,80.30258978326634,14,0,morning,desert,0
86.47223762550531,53.91612766752545,35,13,afternoon,city,0
81.29010091300776,31.130769915600364,48,1,night,forest,0
99.97176732861305,61.03337833109184,45,3,morning,desert,0
99.66368370739053,71.61506742231936,20,18,morning,forest,0
55.543170560262745,27.262400073353376,56,5,evening,desert,1
76.89874151805105,41.354910152535155,49,0,morning,city,0
94.47657298824281,12.188609333694755,13,16,morning,mountain,0
84.96473906774115,18.11493495346803,38,7,night,city,1
24.734810174319765,68.11178539649828,49,18,afternoon,city,0
45.05441353100935,18.143834769562694,46,0,night,mountain,0
12.915941515149498,52.516338366706016,49,4,afternoon,mountain,0
95.40510272587224,70.90462617224327,8,15,evening,desert,0
60.617463445088006,10.687692309474384,43,5,morning,desert,1
22.864280550346272,56.73122196289035,20,7,evening,forest,0
67.17006844058567,25.656278370136377,33,12,afternoon,forest,0
61.81282404578958,96.29268752375798,26,15,night,city,0
35.81627180328405,48.35456467199247,39,2,night,mountain,0
11.355759219962902,80.59925497751581,21,18,evening,forest,1
67.15731955927996,55.022654215626176,53,11,afternoon,city,1
52.03077009037933,4.341253285481916,49,15,evening,mountain,0
77.23183917356393,63.31513755940223,42,10,evening,desert,0
52.01635011119934,95.14033422066571,43,9,morning,city,0
85.21815003185401,60.16118201463312,54,19,evening,desert,1
55.190683877448556,81.91888594267903,41,3,morning,forest,0
56.093797153538624,88.42064633484078,9,11,morning,forest,0
87.66536026583451,22.807977194893247,24,1,night,mountain,0
40.3482866212397,21.204483990822666,37,18,morning,city,0
13.401522845064074,61.09809888509917,49,4,morning,desert,0
2.8782676313338973,41.10284698067047,41,7,night,mountain,0
75.5137255673619,83.98613028667204,17,6,evening,forest,0
62.03095513534647,90.00231233980112,24,13,afternoon,forest,0
70.40797680992236,35.34213793027181,21,2,afternoon,city,0
21.296416150891073,23.687055897448207,51,17,afternoon,desert,1
13.637147558676975,78.05255152438619,59,15,evening,city,0
1.4544665667881929,27.48060355481361,39,18,morning,desert,0
35.058755880659696,82.26143185136785,55,18,afternoon,desert,0
58.991768685463306,42.37382536487628,41,17,evening,city,0
39.22440450997323,66.75498992914704,39,19,morning,mountain,0
43.747492202372904,9.553531383466819,13,15,night,city,1
90.41586944937484,62.3859324676573,11,7,afternoon,city,0
34.82554670233004,45.17676787372291,46,0,morning,forest,1
51.39894891598108,58.66084631754741,19,16,afternoon,forest,0
78.3653012741143,16.801420774486342,11,11,afternoon,city,0
39.65427823212701,73.68737449441821,13,10,afternoon,city,0
62.20867002278735,86.27970775432286,46,4,morning,forest,0
86.23637087467452,21.673980009077564,45,11,evening,desert,1
94.9520623657642,9.571455552016172,1,16,morning,city,1
14.707348092903793,2.3638586046336396,40,5,afternoon,mountain,1
92.65876251614944,64.1971500443266,44,0,morning,mountain,1
49.21162930795382,60.70940360887808,19,4,night,mountain,1
25.824438829895836,54.669741271407005,12,13,evening,city,0
45.913575623826134,23.194709611597542,8,4,morning,desert,0
98.0032575285477,39.09059959055147,8,0,night,desert,0
49.26180939928696,59.4476335186173,53,17,evening,forest,0
32.875161028750824,49.67668588591694,45,15,night,city,1
63.34008543167258,98.77855202148874,12,8,evening,desert,0
24.014561877819308,13.643975255673313,48,18,morning,city,0
7.586332810866391,69.51445540475937,33,4,night,forest,0
12.887972191064922,40.431876810429216,45,1,afternoon,forest,0
12.804583895777244,42.819961492561475,26,14,night,forest,0
15.190269351229436,71.75977656581762,39,6,evening,mountain,0
13.882717264941014,69.24361513243696,28,3,morning,city,0
64.08747448032146,99.12559937021884,58,0,evening,forest,0
18.188008439914483,12.839428945412523,5,12,night,city,0
34.56672833238632,10.410964938416633,8,19,night,mountain,0
89.67884099060119,72.43388171287411,25,6,afternoon,mountain,0
47.39616402628724,57.83869170064091,27,14,morning,forest,0
66.75577385210272,27.416066655980586,46,13,morning,forest,0
17.231987120162984,7.9419368988986605,23,18,night,desert,0
19.228901880867078,8.565824959643054,30,19,morning,city,0
4.086861626647886,89.41908746641182,45,17,afternoon,forest,0
16.893506307216455,19.18673247187429,47,9,evening,desert,0
27.85903390319586,32.33715621155208,23,8,morning,city,0
17.70104842767468,22.6656402226988,49,7,night,forest,0
8.87025337570556,35.49963058319373,47,9,evening,desert,1
12.06358711006008,6.942384274609337,20,16,evening,desert,0
46.077876803272574,51.90597909082704,18,1,afternoon,city,1
20.63337184057925,6.76125635922149,18,5,night,desert,0
36.42698610480755,80.03565078223616,2,4,morning,city,0
50.34172708548569,23.3712081910433,4,8,night,city,0
69.03948286293652,54.00119146045106,30,4,evening,city,0
3.9312139841098936,88.00790875614582,33,17,night,mountain,0
79.94103989090426,65.08773690471942,36,19,morning,desert,0
62.79003894909078,53.29577865513353,18,8,morning,city,0
8.17590319488719,32.43337531153756,37,16,afternoon,forest,0
87.35786241067773,33.300191305819794,19,16,morning,mountain,0
92.08724005318132,66.94869551981901,47,11,morning,mountain,0
6.107795985486375,99.41393612211675,28,6,night,desert,0
27.687764814720374,66.18391898493786,40,2,night,city,0
80.62012797930613,55.77834173700249,20,9,evening,desert,1
74.82596903836584,73.06505102392461,49,1,afternoon,mountain,1
18.45210193563773,46.52056122837182,33,2,night,city,1
20.93493233367103,6.0142342600785215,12,15,morning,forest,0
37.0472102791382,56.22968158779098,58,1,evening,city,1
48.45229851910213,95.76252845053801,51,9,night,mountain,1
61.825477153029595,17.530294235765965,15,5,afternoon,forest,0
36.891363956977244,69.00048908206658,41,10,afternoon,city,0
46.25347161331479,20.093368865905646,39,6,evening,forest,1
74.74709381337566,53.582768447308126,2,14,evening,forest,0
3.66832028905979,9.667644964671961,29,5,evening,mountain,0
25.243694434402077,45.037093625818514,41,19,evening,forest,0
71.33495858845524,75.61633288952461,10,8,evening,desert,0
89.52068376871993,34.757152423898205,2,19,morning,mountain,1
51.167744211566614,66.4911724487218,51,11,morning,desert,0
53.211348526531566,79.54499607897291,11,18,night,forest,0
10.717201133977605,92.71778194794527,13,19,afternoon,desert,0
44.741236682345466,23.464208185545353,10,2,morning,city,0
53.261726645502314,39.931591580930814,14,14,morning,forest,0
24.247050363472965,15.241601333041743,18,1,morning,city,0
26.924323094938096,99.24835021583752,51,1,night,desert,1
37.728416310462265,92.70009679242953,54,2,evening,city,0
2.007119777772637,53.99571302805596,9,5,night,forest,0
32.20791655831783,84.20332943764213,57,14,afternoon,city,0
21.144800699654464,52.09579772720422,39,9,afternoon,desert,0
32.74973521779147,62.35856880027597,28,8,afternoon,desert,1
11.976213181925122,8.912443211601662,3,0,afternoon,desert,1
89.0527280739895,75.52704204968079,20,15,morning,forest,1
59.359245355404866,12.771348363523483,6,5,morning,desert,0
67.91023191444896,82.60676302525283,27,8,night,forest,0
78.91712386073382,78.20280876703859,53,3,evening,city,0
49.84421989290573,70.87446977429764,2,1,afternoon,desert,0
8.69202880874237,3.6160380524762115,29,3,night,city,1
53.71065418185478,30.31283559453286,38,0,morning,mountain,1
58.68411180208791,26.311256991084285,3,18,morning,city,1
74.54394741843299,36.01364074715191,16,9,evening,mountain,1
43.16595462296794,8.764274676383854,30,14,evening,city,1
12.758030279556376,93.69578230310628,40,18,evening,forest,0
28.377590579872447,55.38022407123763,2,15,night,city,0
36.30822963986351,30.552431065802356,17,3,morning,forest,0
64.59172413316013,39.698151707428345,41,1,morning,forest,0
57.077830466891186,44.72025405048357,12,12,evening,desert,0
35.60967258978462,60.05943333606173,35,0,afternoon,forest,0
98.65152487929797,51.567942769649775,43,16,evening,mountain,1
60.577481935688716,91.93919732144174,1,12,night,desert,0
23.72267917359945,49.696348290583025,55,3,evening,desert,1
10.178247262040374,99.21580148233127,45,6,evening,city,1
15.285913918433202,85.14249577450957,15,16,night,forest,0
24.595772838450813,20.85105143573358,26,8,evening,forest,0
16.06813732595557,93.05952146439162,37,3,morning,mountain,0
18.656702405130577,11.636639788547608,21,18,afternoon,city,1
28.50951686938471,81.74497084911916,49,0,evening,city,1
17.33735952947548,38.06232934765801,31,9,night,desert,1
89.67654246264252,87.79743204450695,25,3,afternoon,desert,0
8.023374566164222,86.80566901074504,23,8,night,desert,0
52.451138957025464,80.59254001176211,24,12,afternoon,mountain,0
41.03968269896615,79.00304363070614,57,13,afternoon,mountain,1
98.23786169086064,30.46791390980408,38,9,evening,desert,0
11.203890216805235,8.091928305125219,28,5,morning,city,0
39.785559904574164,40.29801787651615,21,15,evening,mountain,0
96.94704332753689,17.35245149865087,54,5,night,city,0
86.55071258939803,69.49510889024617,43,16,night,city,0
81.707207094928,34.609972653778556,18,9,afternoon,forest,0
25.790282704493983,97.56102008599149,36,17,afternoon,desert,0
17.088758739006582,64.0972077345332,35,17,morning,forest,0
66.8643219924431,82.24805636343609,45,2,evening,desert,1
92.93759891275857,13.252467274184843,55,19,night,desert,1
55.67628930139298,86.20144822726226,9,14,afternoon,city,0
57.161268946989985,92.27571905133944,53,14,morning,desert,1
27.997909366028416,48.70619188189359,38,3,night,city,0
76.94929331919369,60.625293775097745,58,8,afternoon,city,0
18.704374855752338,76.48098009029954,30,18,night,desert,1
32.367923640424365,17.483862726041256,44,16,morning,city,1
42.54364386164168,50.25660764634424,34,10,morning,city,1
50.7610378684455,39.86630277723131,32,8,night,city,0
24.240973241508023,14.63739921622491,3,9,evening,mountain,0
11.483682473920354,36.753442229153144,3,17,night,city,1
61.06200424416326,6.817230938549357,28,19,afternoon,mountain,0
28.863055324025577,2.5811906949486985,44,12,evening,mountain,0
58.123822142261226,13.516628915482276,15,7,afternoon,city,1
15.436271527420232,96.31151115891738,41,6,night,city,1
48.114010185481746,54.952953589501696,23,16,evening,mountain,1
53.258943255158584,96.582216115322,40,14,afternoon,mountain,0
5.182353682242691,43.2497878330132,11,19,night,city,1
33.660427819392055,31.181613308525957,48,14,night,city,0
13.441467693897424,50.61418628402441,32,0,evening,desert,0
6.337497047276774,43.95116886329101,58,13,night,mountain,0
98.99602323899452,10.566468426174392,59,4,morning,mountain,0
32.235384497472296,64.08263146902063,57,10,afternoon,desert,0
80.98744458546349,21.60381825095996,54,15,afternoon,mountain,0
25.464065476376383,61.95879548978296,36,1,night,forest,0
68.15027222239293,65.02010923981534,33,7,night,mountain,0
76.02278598896865,15.20248531286481,24,10,morning,desert,0
59.56387406078443,6.134962711066816,39,17,evening,forest,0
47.15761885501584,78.07615860684398,34,2,night,city,0
41.18409141472685,45.98004237693202,56,0,night,desert,1
34.88682665429953,5.816379550547579,28,10,night,desert,1
92.95291442478259,99.48663171697672,37,15,night,city,0
83.06194077877291,5.778056099636664,7,17,afternoon,desert,1
96.50269106665125,69.50352288585532,4,15,night,mountain,0
12.429722348554472,98.36789252634136,37,9,afternoon,city,0
73.08674752036443,23.918010421592562,56,17,night,desert,1
93.83404568210378,14.224936868719617,1,5,evening,city,0
18.123306616566015,12.138493942242889,1,18,morning,city,1
6.6496267366777495,30.327514756759555,47,3,evening,city,0
74.11206492900591,10.10458110106467,20,12,night,forest,1
57.44731131799119,69.2161341694132,19,13,night,desert,0
84.1828776758272,6.229179813006269,29,2,night,forest,0
13.97723766262895,50.94221281497897,10,9,evening,desert,0
79.52673118598902,99.66968538529768,18,5,night,mountain,1
20.162732004774455,81.39702695060188,28,0,evening,mountain,0
16.36559428657045,61.52194382310109,35,13,afternoon,mountain,1
16.426579793099293,30.625362078661166,43,7,morning,desert,0
81.45747202313821,62.389583629163845,47,18,morning,city,0
66.51972206962002,52.70414639116516,31,13,evening,city,0
52.30654247691193,42.60833838903715,27,9,afternoon,forest,0
35.88304841235025,13.071037674019948,11,16,evening,forest,1
87.72005408131082,88.66042152404667,49,8,afternoon,mountain,0
39.244510742263536,44.97846488213225,49,5,night,forest,0
81.65994394715771,19.462251182076507,38,10,afternoon,desert,0
43.91349085702184,36.77593508772896,5,6,afternoon,desert,0
37.69444294249076,41.4129752528927,8,16,afternoon,forest,1
46.26797856696064,82.75378955668742,34,0,morning,forest,0
30.13778741641421,73.3614380561402,48,4,afternoon,forest,0
74.76093801762511,76.93048936413398,52,8,night,forest,1
50.27203900924791,1.1031264428647214,56,17,night,mountain,1
23.22126951468173,41.615399817976154,12,1,night,mountain,0
89.95745732745685,48.13441516353236,38,10,afternoon,forest,0
38.38912213732114,1.9192276823056686,1,5,evening,desert,0
54.35528611139886,25.98132087450342,31,7,evening,mountain,0
90.6472110964547,76.0289823122135,4,3,night,desert,1
62.42379959139921,13.710970572899905,49,17,morning,city,0
11.689804070836407,53.531013145259166,45,10,evening,desert,0
93.98321236134751,21.52018720172375,50,4,afternoon,forest,0
62.770805307141785,1.2120774643893273,5,14,evening,city,0
33.49056146570861,24.12014575995415,30,17,night,mountain,0
13.927207266338726,97.58737549100537,56,1,morning,mountain,0
79.4025189270296,80.15371118829896,24,10,evening,city,0
62.00727559285135,95.95766443210334,59,12,evening,desert,0
53.34610919763215,48.785404392636245,3,3,night,mountain,0
89.38925830509577,10.973619867750351,11,6,morning,forest,0
78.85972112245308,54.79594889736929,45,10,morning,city,0
15.167487973275119,45.43773345599609,4,3,night,forest,0
31.172206779554823,84.4357082739616,26,14,afternoon,city,0
24.848913981446575,9.808258078424458,27,0,evening,mountain,0
74.3946292572677,48.82411370217782,46,2,afternoon,desert,0
3.353243473577938,15.004866469398426,54,13,evening,city,0
56.98896848713165,32.467592689006,43,5,evening,city,1
76.24586857406905,73.73570773877996,27,17,afternoon,forest,1
87.67656367617495,47.601812936876655,42,0,night,mountain,1
34.20817487159075,37.58882851457693,51,5,night,forest,0
82.12573046720128,39.44762785700353,50,5,evening,mountain,1
11.063173695520723,45.94467684059866,6,15,night,forest,0
84.64522917345182,78.50165438370568,59,4,evening,city,0
12.748866233198243,89.20846889402344,15,16,night,forest,0
39.72872905603673,95.53346865039283,53,9,evening,desert,1
79.72953657795536,78.6903386255295,30,17,night,mountain,0
14.991742734877377,31.540689574801274,42,6,morning,mountain,0
22.92513952326415,68.81347060865421,37,2,afternoon,city,1
72.22525683930662,43.760312405539196,58,12,morning,mountain,1
72.00365365460743,25.467062204605117,37,14,afternoon,desert,0
64.11476328852973,84.08715794259226,42,19,afternoon,forest,0
69.39484444671,3.8426348962324997,37,18,evening,city,0
54.27244433475962,90.17619921354235,35,2,afternoon,desert,1
25.179905890695274,46.147746462473414,23,3,morning,mountain,0
34.56959935039195,63.72014768082804,6,4,morning,mountain,0
18.159771680142565,65.93539222057827,4,0,night,desert,1
90.84505613336283,89.51177407065364,18,3,morning,forest,0
58.339179476612046,63.66696821672073,9,11,night,forest,0
40.08514167636399,61.39335847600618,49,9,afternoon,city,0
46.20058036441327,6.665204056068996,29,19,morning,mountain,0
94.72833396118153,51.84080219452041,13,12,afternoon,desert,0
15.33514031160802,15.016900081704165,59,13,morning,forest,0
58.62298320167972,73.74337687214856,47,4,morning,city,0
50.5888678884466,51.22219208126745,52,3,night,mountain,0
61.14542354346478,68.02277792083532,17,13,afternoon,mountain,0
1.8110183820840509,4.167290060238427,45,9,morning,city,1
87.21239089441515,8.479201604580322,32,16,evening,city,1
93.21182824836124,71.63233880626822,48,9,afternoon,forest,0
56.51331835892089,7.208433599867337,22,6,afternoon,desert,0
69.66508238768922,7.12567277652586,4,15,afternoon,mountain,0
92.24993811772957,1.210847523488745,5,0,night,desert,1
70.72386343133986,95.65013982994802,37,16,evening,mountain,0
15.253904291426135,73.75083594590069,41,8,afternoon,mountain,1
57.62883601668132,35.32514085020642,49,5,morning,desert,0
60.67150463828559,29.65355812876552,13,18,morning,city,1
42.4130671302386,34.97032297458495,34,12,night,forest,1
73.64442356247228,77.46535311811819,45,2,morning,mountain,1
93.43670147690149,66.13706110704143,22,6,afternoon,city,0
92.55685129067763,18.519556786746794,53,8,morning,mountain,0
45.08393714041321,17.410933533408436,59,4,afternoon,forest,0
11.323804584075525,9.839564971339732,23,9,morning,mountain,0
98.48411989623345,66.03027197013381,51,16,evening,forest,0
83.88980864459342,76.43726622217359,3,11,night,forest,0
12.466268120326685,26.5046428325004,42,15,night,mountain,0
92.08418826173724,2.094496103091281,34,2,evening,mountain,0
86.98963620621282,8.217166747642734,32,8,evening,forest,0
51.88380571260721,96.78600348450304,45,14,night,city,0
59.127543574492925,29.544477747742025,51,4,evening,desert,1
39.90027038701302,76.92231478381336,58,12,afternoon,forest,0
5.476163882203133,62.46635688542638,49,13,morning,mountain,0
33.519724164590095,38.19396396528959,21,19,night,mountain,0
80.28534485980114,20.56872621955551,46,14,evening,city,1
0.4632023004602859,12.138641815940643,44,15,afternoon,desert,0
33.34991716911442,61.50129680388666,21,12,night,forest,0
39.81686935909433,77.4633780637788,44,16,evening,forest,0
53.73956029379229,64.39042535411306,11,7,night,desert,0
91.98556164127605,53.030213324915835,39,1,evening,forest,0
34.634599436596126,4.195122343163627,4,4,night,desert,1
34.69532018962277,96.84887775943838,51,5,afternoon,mountain,1
73.75012481097484,79.87141916545745,1,11,afternoon,desert,0
45.221794088980715,29.282203670096475,28,17,morning,forest,0
22.460482293998197,97.99703293588506,24,0,night,desert,0
45.24395161326934,60.18815896363221,35,16,morning,city,0
14.085702037979985,58.24226582072465,13,10,night,mountain,0
17.63869865062233,74.8073179429532,47,9,evening,mountain,0
49.83677727394797,81.17697880901376,34,18,evening,desert,1
41.89254495045479,65.64786073315027,11,13,morning,forest,1
91.48459010681,12.809574636620003,36,9,night,city,0
36.23938991166331,33.82675059944984,51,14,morning,mountain,0
58.05883502780434,92.80836403260497,17,18,afternoon,mountain,0
63.22642879195304,22.461561184385193,35,3,morning,forest,0
1.3094456588333636,37.21670238375133,18,1,morning,forest,0
66.35373720167107,43.2076882944196,40,8,evening,city,0
17.803596686975144,43.940498969445215,22,9,morning,desert,1
96.10703174694551,61.29395824945255,57,10,night,forest,1
14.866272775311295,94.30758377447076,24,13,evening,desert,0
41.462412372702374,24.069271183250496,58,6,morning,city,0
8.534966807864386,12.150137630091805,19,14,afternoon,desert,0
99.68742518459473,19.747048985993732,37,18,morning,mountain,0
50.21950103312426,88.69249002092695,39,14,morning,desert,0
59.53850173200438,64.5810812655206,21,7,morning,city,0
6.7076477388427485,28.590678923916013,8,10,evening,city,0
74.99604703991778,81.59469389686173,28,8,night,city,0
20.990559309558577,86.1369996363436,5,14,afternoon,desert,1
89.80542894407138,84.6514338690278,17,0,morning,mountain,0
20.513964048200716,91.89265336395545,37,0,night,forest,0
19.068772066366655,25.224102017336158,36,18,night,mountain,0
3.654966784809488,75.50419287462783,54,2,evening,desert,0
47.206694510999924,46.053949727414,19,9,afternoon,desert,0
56.48411332626164,84.19985528900615,27,7,evening,forest,1
6.570863942835237,72.84906771616131,53,14,night,desert,1
77.55276166950105,77.64474464997247,34,9,night,city,0
45.32888347480276,65.61618376810715,11,0,night,city,0
52.439026932758004,17.742876946970686,54,17,evening,city,0
44.07627469382282,54.502691889693835,45,1,afternoon,city,0
40.0763060875326,98.46697395245081,47,18,morning,city,1
55.96403313082179,93.73880664971189,12,12,evening,desert,0
15.52402459307125,4.317373579701167,54,0,night,forest,0
18.19281304952711,16.481481572943714,21,1,evening,forest,0
86.17856210135173,13.172877345456191,54,15,night,city,0
94.61154621336327,72.59799099852955,11,14,morning,desert,1
37.330931627975296,81.77853298569451,39,12,morning,mountain,0
27.074467314355378,21.35113663106719,28,15,afternoon,mountain,1
64.39995432390158,50.5852692951829,5,16,night,desert,0
40.87341710980964,84.07030280112,17,6,afternoon,city,1
2.538635566034486,73.28015447662506,56,16,afternoon,forest,0
15.615259736619036,54.223720549184826,20,6,morning,desert,0
71.59722288473975,59.03476904587729,41,12,evening,mountain,1
65.89239419101514,50.83605469162799,46,4,evening,mountain,0
2.709599250348349,29.754845131882057,58,16,afternoon,mountain,0
22.197216193294945,56.50219928590161,12,2,morning,city,0
23.10747965880714,68.88853020500906,6,6,night,mountain,1
67.18927435987284,87.33229158608077,17,16,evening,desert,0
1.9710537754364155,63.629135397924806,51,6,afternoon,desert,1
10.410858198457385,76.1121537043158,19,0,evening,mountain,0
79.99160853731894,16.0071634954573,26,16,evening,desert,0
17.85446620543336,46.15574744197899,48,16,night,mountain,1
65.27461078518748,0.9331619827093296,44,10,morning,mountain,0
23.81827810467265,24.667886452162303,44,2,night,forest,1
9.944139275934516,72.64617151130048,52,14,morning,city,1
24.317219099945408,99.18099513493634,32,10,evening,city,0
72.22669318556592,9.917809958721591,6,15,afternoon,forest,0
85.56964681062857,40.14943158612883,55,8,night,forest,0
83.02198645669915,80.00709686991596,58,0,morning,city,1
39.71835296184548,20.403563462889885,36,15,evening,mountain,1
66.80851365706462,55.50849493022862,38,8,morning,mountain,0
20.498429541582098,73.30712960296748,11,18,morning,city,0
29.314773026101328,61.5985450260179,33,11,morning,mountain,0
89.63358185211197,18.802473461541613,24,18,evening,forest,1
1.3001923510736035,35.538456868573945,23,8,afternoon,mountain,0
8.550853085446807,78.37917844853972,15,6,afternoon,mountain,0
20.78862551460273,55.42265141320166,27,13,afternoon,desert,0
2.6532203873819715,0.5229613542912737,11,18,morning,desert,1
18.143543508979732,76.09907600280938,57,18,evening,desert,0
58.304156096969216,3.531135494023907,51,1,morning,mountain,0
42.1424550592498,74.57337827312321,50,8,afternoon,city,0
89.26717110769748,20.24805601652374,17,12,afternoon,forest,0
81.7443561738441,95.80734801193802,51,14,evening,mountain,1
34.1817351697876,36.79407513020845,53,2,morning,city,1
25.94234334312925,32.69316163380791,14,10,night,mountain,0
37.96924081672669,14.888805033244468,27,13,night,forest,0
59.02949425148078,30.560421549021488,18,7,afternoon,mountain,0
26.806364082287626,87.66507618282006,28,17,evening,forest,0
62.4148907849134,99.63343376272474,51,18,morning,mountain,1
40.941165219124045,36.83095305068483,47,15,morning,forest,0
55.204718085198024,44.861063095454256,47,1,afternoon,mountain,0
43.61265291353167,72.2070938202737,4,7,afternoon,forest,0
29.44657595419177,88.61957804650746,7,5,morning,desert,0
94.84533069621567,59.304433418678414,45,11,morning,mountain,0
76.36057941597608,39.15256981778293,35,14,afternoon,mountain,0
14.011317576645254,41.262184084862376,48,7,morning,city,0
86.84679758979128,69.56181464968068,9,3,night,city,1
48.743119824951364,0.32182636042786816,8,14,afternoon,forest,0
89.45522268940914,61.95893374598407,52,19,morning,mountain,0
79.98552559473153,35.54930104413574,45,16,afternoon,forest,1
42.52135044692334,79.41973312770843,17,12,evening,desert,0
2.24693083201174,9.299063982313216,17,17,afternoon,city,1
26.867735938494608,58.82022669483905,49,1,afternoon,forest,0
54.16342146608669,48.09728898861238,33,12,evening,forest,0
63.347821982614725,64.23255259052274,32,12,night,city,0
25.788768543320227,6.485359448296835,8,14,morning,mountain,0
13.935607407282413,57.99837874281313,19,19,evening,forest,0
83.4930236799299,56.14845879595237,38,9,afternoon,city,1
98.44021807035521,56.06600944161709,3,2,morning,mountain,0
52.56901823026858,60.34876665964548,59,18,evening,desert,0
17.16792858483035,67.64679372263622,5,2,morning,city,0
27.230732651936897,80.49889996807697,13,13,morning,forest,0
1.8390676547466733,26.982072012821433,47,7,evening,desert,0
91.4298806560499,82.5049410180062,46,3,morning,mountain,0
11.775108289014113,49.82556822634536,31,19,night,mountain,1
57.651647551425356,7.705827913433117,55,10,evening,city,1
27.4055220687206,5.85509292439792,16,10,night,city,0
55.417800251579344,33.42383186960608,50,10,afternoon,city,0
65.14203883518643,78.48969771114676,32,1,morning,mountain,1
82.97418037072016,70.76809347409157,22,16,afternoon,desert,1
20.64212717606032,78.86149646724064,29,8,afternoon,mountain,0
1.0995828658480478,51.72690564416094,22,1,morning,forest,1
13.688563006880727,44.01989979554906,43,14,evening,mountain,0
90.00186418481051,14.745252670628394,3,15,morning,forest,1
87.38900775625153,32.81927536093116,54,3,afternoon,desert,0
59.74131021703083,43.40193661738753,10,7,afternoon,city,0
60.051686043365336,8.860042967961723,42,8,evening,city,1
66.50366745462554,22.061195271121125,21,4,morning,mountain,0
17.53712786234496,59.82252940637388,16,15,afternoon,city,0
91.44119459249598,73.56631142391899,12,12,night,desert,0
41.87705248920731,99.83475113929497,2,6,afternoon,city,1
38.31385282494975,93.31133313435576,41,19,afternoon,mountain,1
51.89177052828376,64.25651995351916,24,16,evening,desert,1
4.696596677505505,42.1248053294072,35,2,night,forest,0
16.628336875607943,63.617736470823274,56,4,afternoon,mountain,1
73.80336164263704,78.56516180802319,30,18,afternoon,forest,0
8.279866792512646,11.833619092338733,57,11,night,desert,0
60.31521094663882,40.99048896962883,30,6,morning,mountain,1
24.534910968132095,83.98022856356172,47,8,morning,mountain,0
38.929561404197656,38.3832951933044,35,5,afternoon,desert,0
28.869373677069987,57.18722712271865,19,16,afternoon,city,0
35.567271646494916,58.77693608621982,50,15,morning,mountain,0
71.90459051842456,18.447625313363936,8,2,evening,mountain,1
29.7121715623175,36.22354416522884,26,3,night,forest,0
56.64046402968972,33.451128874193216,49,9,night,city,1
47.60504021990997,2.6196708532064794,40,4,evening,forest,0
66.36711653626482,2.4191763891355245,7,9,evening,forest,0
93.6829739324758,83.16970436757735,30,11,evening,city,0
73.25720972102503,27.30708099728124,7,9,evening,city,1
21.494037859075675,51.80787662388154,3,12,evening,desert,0
3.1183135061284672,29.872557358877305,1,10,evening,city,1
26.22640442998251,94.06792451153404,36,15,night,mountain,0
59.507793070025485,25.929675886577375,25,7,evening,city,0
5.1425813484250344,42.96568127389351,37,7,morning,desert,0
49.636624720123635,87.27302504846018,1,7,evening,desert,1
59.68428489168892,84.19335667918087,15,12,evening,desert,1
33.424389081696084,18.610141784627732,37,1,night,city,0
77.09122037458219,80.26433097957104,13,11,night,city,0
10.65982531337718,45.81868867378927,40,9,evening,forest,0
7.513778173580876,48.29688720853552,8,11,night,forest,1
72.81887562036033,13.347997241594378,5,10,afternoon,mountain,0
49.549131620619846,8.060151375712465,9,14,night,forest,1
68.84023964277361,72.79393069737652,1,15,night,mountain,1
43.48273386037462,49.646115235529976,36,16,night,desert,0
24.640203323910683,43.68507026151796,35,1,night,forest,1
81.91023176741997,72.95082286523967,2,17,morning,city,0
79.94158789689793,76.55128989911097,40,11,morning,forest,0
69.46964708544267,15.890816766935355,23,18,morning,mountain,0
27.21451372299627,61.02251494776413,9,17,evening,forest,0
59.023066686908706,13.535408227768553,34,16,evening,desert,1
36.09738969400268,75.13750860290457,46,5,afternoon,city,0
9.158207332663416,65.69551562671396,14,14,morning,mountain,0
91.73135754622427,95.6614621083458,4,2,evening,city,0
13.68186309189614,6.895801635642118,30,5,night,city,0
95.02373538208025,5.705472115125431,31,2,night,mountain,0
44.600577295795574,28.218707469320016,38,0,morning,city,0
